Kurzname,Name,M_ID,Kürzel,Gemeinden,Kreise
Erwerbstätige,Zahl der Erwerbstätigen in 1000 Personen,7,et1000,,2000-2022
Sozialversicherungspflichtig Beschäftigte am Arbeitsort,Zahl der sozialversicherungspflichtig Beschäftigten am Arbeitsort insgesamt,8,sva,1997-2023,1997-2023
Sozialversicherungspflichtig Beschäftigte am Wohnort,Zahl der sozialversicherungspflichtig Beschäftigten am Wohnort insgesamt,9,svw,1997-2023,1997-2023
Bruttoinlandsprodukt in 1000 Euro,Bruttoinlandsprodukt (BIP) absolut in Millionen Euro,11,bip,,2000-2022
Arbeitslosenquote,Anteil der Arbeitslosen an den zivilen Erwerbspersonen in %,1101,q_alo,,1998-2023
Arbeitslosenquote Frauen,Anteil der arbeitslosen Frauen an den weiblichen zivilen Erwerbspersonen in %,1102,q_alo_f,,2008-2023
Arbeitslosenquote Männer,Anteil der arbeitslosen Männer an den männlichen zivilen Erwerbspersonen in %,1103,q_alo_m,,2008-2023
Arbeitslose ohne Ausbildung,Anteil der Arbeitslosen ohne Berufsausbildung an den Arbeitslosen in %,1207,a_alo_oAusb,,2009-2023
Arbeitslosenquote Ältere,Anteil der Arbeitslosen 55 Jahre und älter an den zivilen Erwerbspersonen 55 Jahre und älter in %,1301,q_alo_ü55,,2008-2023
Arbeitslosenquote Jüngere,Anteil der Arbeitslosen unter 25 Jahren an den zivilen Erwerbspersonen unter 25 Jahre in %,1302,q_alo_u25,,2008-2023
Anteil ältere Arbeitslose,Anteil der Arbeitslosen 55 Jahre und älter an den Arbeitslosen in %,1303,a_alo_ü55,1998-2023,1998-2023
Anteil weibliche ältere Arbeitslose,Anteil der weiblichen Arbeitslosen 55 Jahre und älter an den weiblichen Arbeitslosen in %,1304,a_alo_ü55_f,1998-2023,1998-2023
Anteil männliche ältere Arbeitslose,Anteil der männlichen Arbeitslosen 55 Jahre und älter an den männlichen Arbeitslosen in %,1305,a_alo_ü55_m,1998-2023,1998-2023
Anteil jüngere Arbeitslose,Anteil der Arbeitslosen unter 25 Jahren an den Arbeitslosen in %,1306,a_alo_u25,1998-2023,1995-2023
Anteil weibliche jüngere Arbeitslose,Anteil der weiblichen Arbeitslosen unter 25 Jahren an den weiblichen Arbeitslosen in %,1307,a_alo_u25_f,1998-2023,1998-2023
Anteil männliche jüngere Arbeitslose,Anteil der männlichen Arbeitslosen unter 25 Jahren an den männlichen Arbeitslosen in %,1308,a_alo_u25_m,1998-2023,1998-2023
Angebotsmietpreise,Wiedervermietungsmieten inserierter Wohnungen (Angebotsmieten),2113,m_mietpr,,2010-2024
Mehrfamilienhäuser,Anteil der Wohngebäude mit 3 und mehr Wohnungen an den Wohngebäuden in %,2202,a_wg_wo3um,2011-2023,2011-2023
Beschäftigtenquote,SV Beschäftigte am Wohnort je 100 Einwohner im erwerbsfähigen Alter in %,3101,q_svw,2001-2023,1997-2023
Beschäftigtenquote Frauen,SV beschäftigte Frauen am Wohnort je 100 Frauen im erwerbsfähigen Alter in %,3102,q_svw_f,2001-2023,1997-2023
Beschäftigtenquote Männer,SV beschäftigte Männer am Wohnort je 100 Männer im erwerbsfähigen Alter in %,3103,q_svw_m,2001-2023,1997-2023
Beschäftigtenquote Ausländer,SV beschäftigte Ausländer am Wohnort je 100 erwerbsfähige Ausländer in %,3104,q_svw_ausl,,2011-2023
Quote jüngere Beschäftigte,SV Beschäftigte am Wohnort im Alter von 15 bis unter 30 Jahre je 100 Einwohner dieser Altersgruppe in %,3106,q_svw_15u30,,2010-2023
Quote ältere Beschäftigte,SV Beschäftigte am Wohnort im Alter von 55 bis unter 65 Jahren je 100 Einwohner dieser Altersgruppe in %,3107,q_svw_ü55,,2005-2023
Teilzeitbeschäftigte,Anteil der SV Beschäftigten am Arbeitsort (Teilzeit) an den SV Beschäftigten in %,3108,a_sva_tz,,2012-2023
Teilzeitbeschäftige Frauen,Anteil der SV beschäftigten Frauen am Arbeitsort (Teilzeit) an allen SV beschäftigten Frauen in %,3109,a_sva_tz_f,,2012-2023
Erwerbsquote,Erwerbspersonen je 100 Einwohner im erwerbsfähigen Alter in %,3110,q_ewp,,1998-2023
Erwerbsquote Frauen,Weibliche Erwerbspersonen je 100 Frauen im erwerbsfähigen Alter in %,3111,q_ewp_f,,2008-2023
Erwerbsquote Männer,Männliche Erwerbspersonen je 100 Männer im erwerbsfähigen Alter in %,3112,q_ewp_m,,2008-2023
Selbstständigenquote,Selbstständige je 100 Erwerbstätige in %,3113,q_selbst,,2000-2022
Beschäftigte am AO mit akademischem Berufsabschluss,Anteil der SV Beschäftigten am Arbeitsort mit akademischem Berufsabschluss an den SV Beschäftigten in %,3201,a_sva_akadem,,2012-2023
Beschäftigte am AO mit Berufsabschluss,Anteil der SV Beschäftigten am Arbeitsort mit Berufsabschluss an den SV Beschäftigten in %,3202,a_sva_mAbschluss,,2012-2023
Beschäftigte am AO ohne Berufsabschluss,Anteil der SV Beschäftigten am Arbeitsort ohne Berufsabschluss an den SV Beschäftigten in %,3203,a_sva_oAbschluss,,2012-2023
Beschäftigte am WO mit akademischen Abschluss,Anteil der SV Beschäftigten am Wohnort mit akademischem Berufsabschluss an den SV Beschäftigten in %,3204,a_svw_akadem,,2012-2023
Beschäftigte am WO mit Berufsabschluss,Anteil der SV Beschäftigten am Wohnort mit Berufsabschluss an den SV Beschäftigten in %,3205,a_svw_mAbschluss,,2012-2023
Beschäftigte am WO ohne Berufsabschluss,Anteil der SV Beschäftigten am Wohnortohne Berufsabschluss an den SV Beschäftigten in %,3206,a_svw_oAbschluss,,2012-2023
Beschäftigte mit Anforderungsniveau Experte,Anteil der SV Beschäftigten am Arbeitsort mit Anforderungsniveau Experte an den SV Beschäftigten in %,3207,a_sva_exp,,2013-2023
Beschäftigte mit Anforderungsniveau Spezialist,Anteil der SV Beschäftigten am Arbeitsort mit Anforderungsniveau Spezialist an den SV Beschäftigten in %,3208,a_sva_spez,,2013-2023
Beschäftigte mit Anforderungsniveau Fachkraft,Anteil der SV Beschäftigten am Arbeitsort mit Anforderungsniveau Fachkraft an den SV Beschäftigten in %,3209,a_sva_fach,,2013-2023
Beschäftigte mit Anforderungsniveau Helfer,Anteil der SV Beschäftigten am Arbeitsort mit Anforderungsniveau Helfer an den SV Beschäftigten in %,3210,a_sva_helf,,2013-2023
Anteil Minijobs an den Beschäftigungsverhältnissen,Anteil der geringfügig entlohnten Beschäftigten am Arbeitsort an den privatrechtlichen Beschäftigungsverhältnissen in %,3301,a_Minijobs,,2003-2023
Anteil Minijobs (ausschließlich) an den Beschäftigungsverhältnissen,Anteil der geringfügig entlohnten Beschäftigten am Arbeitsort (ausschließlich) an den privatrechtlichen Beschäftigungsverhältnissen in %,3302,a_gb_knj_prBv,,2003-2023
Anteil Minijobs (Nebenverdienst) an den Beschäftigungsverhältnissen,Anteil der geringfügig entlohnten Beschäftigten am Arbeitsort im Nebenjob an den privatrechtlichen Beschäftigungsverhältnissen in %,3303,a_gb_nj_prBv,,2003-2023
Anteil Minijobs (ausschließlich) an geringfügig Beschäftigten,Anteil der geringfügig entlohnten Beschäftigten am Arbeitsort (ausschließlich) an den geringfügig entlohnten Beschäftigten in %,3304,a_gb_knj,,2003-2023
Anteil Minijobs (Nebenverdienst),Anteil der geringfügig entlohnten Beschäftigten im Nebenjob an den geringfügig entlohnten Beschäftigten in %,3305,a_gb_nj,,2003-2023
Anteil Minijobs (Frauen),Anteil der geringfügig entlohnten weiblichen Beschäftigten an den geringfügig entlohnten Beschäftigten am Arbeitsort in %,3306,a_gb_Frauen,,2003-2023
Anteil Minijobs (Männer),Anteil der geringfügig entlohnten männlichen Beschäftigten an den geringfügig entlohnten Beschäftigten in %,3307,a_gb_Männer,,2003-2023
Aufstocker,Anteil erwerbstätiger ALGII-Bezieher an den Leistungsberechtigten in %,3308,a_Aufstockern,,2007-2020
Kurzarbeiter,Anteil Kurzarbeiter an den SV Beschäftigten am Arbeitsort in %,3309,a_KuA,,2007-2023
Geringfügig Beschäftigte 65 Jahre und älter,Anteil der geringfügig entlohnten Beschäftigten 65 Jahre und älter an den geringfügig entlohnten Beschäftigten in %,3310,a_gb_ü65,,2007-2023
Geringfügig Beschäftigte 65 Jahre und älter männlich,Anteil der geringfügig entlohnten männlichen Beschäftigten am Arbeitsort 65 Jahre und älter an den männlichen geringfügig entlohnten Beschäftigten in %,3311,a_gb_ü65_Männer,,2007-2023
Geringfügig Beschäftigte 65 Jahre und älter weiblich,Anteil der geringfügig entlohnten weiblichen Beschäftigten 65 Jahre und älter an den weiblichen geringfügig entlohnten Beschäftigten in %,3312,a_gb_ü65_Frauen,,2007-2023
Unterbeschäftigungsquote,Unterbeschäftigte je 100 Erwerbspersonen in %,3313,q_ub,,2011-2023
Beschäftigte Pimärer Sektor,Anteil der SV Beschäftigten am Arbeitsort im Primären Sektor an den SV Beschäftigten in %,3401,a_svb_primär,,2008-2023
Beschäftigte Sekundärer Sektor,Anteil der SV Beschäftigten am Arbeitsort im Sekundären Sektor an den SV Beschäftigten in %,3402,a_svb_sekundär,,2008-2023
Beschäftigte Tertiärer Sektor,Anteil der SV Beschäftigten am Arbeitsort im Tertiären Sektor an den SV Beschäftigten in %,3403,a_svb_tertiär,,2008-2023
Industriequote,SV Beschäftigte am Arbeitsort in der Industrie je 100 Einwohner im erwerbsfähigen Alter in %,3404,q_industrie,,2008-2023
Dienstleistungsquote,SV Beschäftigte am Arbeitsort im Dienstleistungssektor je 100 Einwohner im erwerbsfähigen Alter in %,3405,q_dienstleistung,,2008-2023
Beschäftigte im Baugewerbe,Anteil der SV Beschäftigten am Arbeitsort im Baugewerbe an den SV Beschäftigten in %,3416,a_svb_Bau,,2008-2023
Beschäftigte in unternehmensbezogenen Dienstleistungen,Anteil der SV Beschäftigten am Arbeitsort in wissensintensiven unternehmensbezogenen Dienstleistungsbranchen an den SV Beschäftigten in %,3406,a_svb_unternehmensdienstlstg,,2009-2023
Beschäftigte in Kreativbranchen,Anteil der SV Beschäftigten am Arbeitsort in Kreativbranchen an den SV Beschäftigten in %,3407,a_svb_kreativ,,2008-2023
Beschäftigte in wissensintensiven Industrien,Anteil der SV Beschäftigten am Arbeitsort in wissens- u. forschungsintensiven Industrien an den SV Beschäftigten in %,3408,a_svb_wissen,,2009-2023
Beschäftigte in IT- und naturwissenschaftlichen Dienstleistungsberufen,Anteil der sozialversicherungspfichtig Beschäftigten in IT- und naturwissenschaftlichen Dienstleistungsberufen an den SV Beschäftigten in %,3409,a_svb_IT,,2013-2023
Beschäftigte im Handwerk,Anteil der SV Beschäftigte am Arbeitsort in Handwerksbetrieben an den SV Beschäftigten in %,3410,a_svb_Handwerk,,2010-2022
Erwerbstätige Primärer Sektor,Anteil der Erwerbstätigen im Primären Sektor an den Erwerbstätigen in %,3411,a_ewt_primär,,2000-2022
Erwerbstätige Sekundärer Sektor,Anteil der Erwerbstätigen im Sekundären Sektor an den Erwerbstätigen in %,3412,a_ewt_sekundär,,2000-2022
Erwerbstätige Tertiärer Sektor,Anteil der Erwerbstätigen im Tertiären Sektor an den Erwerbstätigen in %,3413,a_ewt_tertiär,,2000-2022
Anteil Erwerbstätige Verarbeitendes Gewerbe an Industrie,Anteil der Erwerbstätigen im Verarbeitenden Gewerbe an den Erwerbstätigen im Sekundären Sektor in %,3414,a_WZC_Industrie,,2000-2022
Anteil Erwerbstätige Finanz- und Unternehmensdienstleistungen,"Anteil der Erwerbstätigen in Finanz-, Versicherungs- und Unternehmensdienstleistungen sowie im Grundstücks- und Wohnungswesen an den Erwerbstätigen im Tertiären Sektor in %",3415,a_WZKN_Dienstleistung,,2000-2022
Bevölkerungsentwicklung (10 Jahre),Entwicklung der Zahl der Einwohner über die letzten 10 Jahre in %,4217,e10_bev,,2005-2023
Bevölkerungsentwicklung (5 Jahre),Entwicklung der Zahl der Einwohner über die letzten 5 Jahre in %,4218,e5_bev,,2000-2023
Prognostizierte Bevölkerungsentwicklung (2022-2030),Prognostizierte Bevölkerungsentwicklung 2022 bis 2030 in Prozent (Basis ROP 2045),4219,e_bev2230_rop45,,2022
Prognostizierte Bevölkerungsentwicklung (2022-2035),Prognostizierte Bevölkerungsentwicklung 2022 bis 2035 in Prozent (Basis ROP 2045),4220,e_bev2235_rop45,,2022
Prognostizierte Bevölkerungsentwicklung (2022-2040),Prognostizierte Bevölkerungsentwicklung 2022 bis 2040 in Prozent (Basis ROP 2045),4221,e_bev2240_rop45,,2022
Prognostizierte Bevölkerungsentwicklung (2022-2045),Prognostizierte Bevölkerungsentwicklung 2022 bis 2045 in Prozent (Basis ROP 2045),4222,e_bev2245_rop45,,2022
Gesamtwanderungssaldo,Gesamtwanderungssaldo je 1.000 Einwohner,4301,i_wans,1995-2023,1995-2023
Außenwanderungssaldo,Außenwanderungssaldo je 1.000 Einwohner,4302,i_wans_a,,1995-2023
Außenwanderungssaldo Frauen,Außenwanderungssaldo Frauen je 1.000 weibliche Einwohner,4303,i_wans_a_f,,2003-2023
Außenwanderungssaldo Männer,Außenwanderungssaldo Männer je 1.000 männliche Einwohner,4304,i_wans_a_m,,2003-2023
Binnenwanderungssaldo,Binnenwanderungssaldo insgesamt je 1.000 Einwohner,4305,i_wans_b,,1995-2023
Binnenwanderungssaldo Frauen,Binnenwanderungssaldo Frauen insgesamt je 1.000 weibliche Einwohner,4306,i_wans_b_f,,2003-2023
Binnenwanderungssaldo Männer,Binnenwanderungssaldo Männer insgesamt je 1.000 männliche Einwohner,4307,i_wans_b_m,,2003-2023
Bildungswanderer,Binnenwanderungssaldo der Einwohner von 18 bis unter 25 Jahren je 1.000 Einwohner der Altersgruppe,4308,i_wans_b_1825,,1995-2023
Weibliche Bildungswanderer,Binnenwanderungssaldo der weiblichen Einwohner von 18 bis unter 25 Jahren je 1.000 weibliche Einwohner der Altersgruppe,4309,i_wans_b_1825_f,,2003-2023
Männliche Bildungswanderer,Binnenwanderungssaldo der männlichen Einwohner von 18 bis unter 25 Jahren je 1.000 männliche Einwohner der Altersgruppe,4310,i_wans_b_1825_m,,1995-2023
Berufseinstiegswanderer,Binnenwanderungssaldo der Einwohner von 25 bis unter 30 Jahren je 1.000 Einwohner der Altersgruppe,4311,i_wans_b_2530,,1995-2023
Weibliche Berufseinstiegswanderer,Binnenwanderungssaldo der weiblichen Einwohner von 25 bis unter 30 Jahren je 1.000 weibliche Einwohner der Altersgruppe,4312,i_wans_b_2530_f,,2003-2023
Männliche Berufseinstiegswanderer,Binnenwanderungssaldo der männlichen Einwohner von 25 bis unter 30 Jahren je 1.000 männliche Einwohner der Altersgruppe,4313,i_wans_b_2530_m,,2003-2023
Ruhestandswanderer,Binnenwanderungssaldo der Einwohner 65 Jahre und älter je 1.000 Einwohner der Altersgruppe,4314,i_wans_b_65um,,1995-2023
Familienwanderer,Binnenwanderungssaldo der Einwohner unter 18 Jahre je 1.000 Einwohner der Altersgruppe,4315,i_wans_b_00183050,,1995-2023
Erwerbswanderer,Binnenwanderungssaldo der Einwohner 30 bis unter 50 Jahre je 1.000 Einwohner der Altersgruppe,4316,i_wans_b_3050,,1995-2023
Auszubildende,Auszubildende je 1.000 SV Beschäftige,5105,a_azubi,,1995-2023
Weibliche Auszubildende,Anteil der weiblichen Auszubildende an den Auszubildenden in %,5106,a_azubi_w,,1995-2023
Männliche Auszubildende,Anteil der männlichen Auszubildende an den Auszubildenden in %,5107,a_azubi_m,,1995-2023
Auszubildende je 100 Einwohner 15 bis 25 Jahre,Auszubildende am Wohnort je 100 Einwohner von 15 bis unter 25 Jahren in %,5108,q_azubi_1525,,2010-2023
Studierende,Studierende an wissenschaftlichen Hochschulen und Fachhochschulen je 1.000 Einwohner,5109,q_stud,,1995-2023
Studierende an FH,Studierende an Fachhochschulen je 1.000 Einwohner,5110,q_stud_fh,,2006-2023
Weibliche Studierende,Anteil der Frauen an den Studierenden in %,5111,a_stud_w,,1995-2023
Männliche Studierende,Anteil der Männer an den Studierenden in %,5112,a_stud_m,,1995-2023
Ausländische Studierende,Anteil der Ausländer an den Studierenden in %,5113,a_stud_a,,1998-2023
Studierende im 1. Semester,Studierende im 1. Semester an den Studierenden in %,5114,a_stud_1,,1995-2023
Studierende je 100 Einwohner 18 bis 25 Jahre,Studierende je 100 Einwohner von 18 bis unter 25 Jahren in %,5115,q_stud_1825,,1995-2023
Bruttoverdienst,Monatlicher Bruttoverdienst von Arbeitnehmern in Euro,6001,d_Bruttoverdienst,,2000-2022
Bruttoverdienst im Produzierenden Gewerbe,Monatlicher Bruttoverdienst von Arbeitnehmern im Produzierenden Gewerbe in Euro,6002,d_Bruttoverdienst_Prod,,2000-2022
Medianeinkommen,Medianeinkommen der sozialversicherungspflichtig Vollzeitbeschäftigten in Euro,6003,m_ek,,2014-2023
Medianeinkommen Frauen,Medianeinkommen der weiblichen sozialversicherungspflichtig Vollzeitbeschäftigten in Euro,6004,m_ek_f,,2014-2023
Medianeinkommen Männer,Medianeinkommen der männlichen sozialversicherungspflichtig Vollzeitbeschäftigten in Euro,6005,m_ek_m,,2014-2023
Medianeinkommen 25 bis unter 55-Jährige,Medianeinkommen der sozialversicherungspflichtig Vollzeitbeschäftigten im Alter von 25 bis unter 55 Jahren in Euro,6006,m_ek_2555,,2014-2023
Medianeinkommen 55 bis unter 65-Jährige,Medianeinkommen der sozialversicherungspflichtig Vollzeitbeschäftigten im Alter von 55 bis unter 65 Jahren in Euro,6007,m_ek_5565,,2014-2023
Medianeinkommen anerkannter Berufsabschluss,Medianeinkommen der sozialversicherungspflichtig Vollzeitbeschäftigten mit anerkanntem Berufsabschluss in Euro,6008,m_ek_oakad,,2014-2023
Medianeinkommen akademischer Berufsabschluss,Medianeinkommen der sozialversicherungspflichtig Vollzeitbeschäftigten mit akademischem Berufsabschluss in Euro,6009,m_ek_akad,,2014-2023
Verdienstabstand zwischen Frauen und Männern,Medianeinkommen der vollzeitbeschäftigten Frauen im Verhältnis zu dem Medianeinkommen der vollzeitbeschäftigten Männer,6010,m_ek_fm,,2014-2023
Arbeitsvolumen,Anzahl geleisteter Arbeitsstunden von Arbeitnehmern,6021,d_ArbStd,,2000-2022
Umsatzsteuer,Umsatzsteuer in € je Einwohner,9004,q_umsst,1995-2021,1998-2023
Personal der Kommunen,Personal der Kommunen je 10.000 Einwohner,9008,q_gvvzaq,,2006-2023
Einwohner-Arbeitsplatz-Dichte,Einwohner und Beschäftigte je km²,11005,q_bevsva_qkm,1996-2023,1996-2023
Wohngeldhaushalte,"Anteil der Haushalte, die Wohngeld empfangen je 1.000 Haushalte",12103,a_HHwg,,2013-2023
Wohngeldhaushalte (Mietzuschuss),"Anteil der Haushalte, die Empfänger von Mietzuschuss sind, je Wohngeldempfänger-Haushalte in %",12104,a_WGmietzu,,1995-2023
Leistungen für Wohngeld,Durchschnittliche monatliche Höhe von Leistungen für Wohngeld in € je Empfängerhaushalt,12309,d_Wohngeld_Lstg,,2016-2023
Bandbreitenverfügbarkeit mindestens 50 Mbit/s,Anteil der Haushalte mit einer Bandbreitenverfügbarkeit (leitungsgebunden) mit mindestens 50 Mbit/s in %,13116,a_bb_50Mbits,2017-2023,2017-2023
Bandbreitenverfügbarkeit mindestens 100 Mbit/s,Anteil der Haushalte mit einer Bandbreitenverfügbarkeit (leitungsgebunden) mit mindestens 100 Mbit/s in %,13117,a_bb_100Mbits,2017-2023,2017-2023
Bandbreitenverfügbarkeit mindestens 1.000 Mbit/s,Anteil der Haushalte mit einer Bandbreitenverfügbarkeit (leitungsgebunden) mit mindestens 1.000 Mbit/s in %,13118,a_bb_1000Mbits,2020-2023,2020-2023
Einpendler,Anteil der Einpendler an den SV Beschäftigten am Arbeitsort in %,13301,a_einp_sva,1997-2023,1997-2023
Auspendler,Anteil der Auspendler an den SV Beschäftigten am Wohnort in %,13302,a_ausp_svw,1997-2023,1997-2023
Pendlersaldo,Pendlersaldo je 100 SV Beschäftigte am Arbeitsort,13303,q_pendlersaldo,1997-2023,1997-2023
Pendler mit Arbeitsweg 50 km und mehr,Anteil der SV Beschäftigten mit einem Arbeitsweg von 50 km und mehr am Wohnort in %,13304,a_pend50,2013-2023,2013-2023
Pendler mit Arbeitsweg 150 km und mehr,Anteil der SV Beschäftigten mit einem Arbeitsweg von 150 km und mehr am Wohnort in %,13305,a_pend150,2013-2023,2013-2023
Pendler mit Arbeitsweg 300 km und mehr,Anteil der SV Beschäftigten mit einem Arbeitsweg von 300 km und mehr am Wohnort in %,13306,a_pend300,2013-2023,2013-2023
Kleinstbetriebe,Anteil der Niederlassungen mit bis unter 10 SV-Beschäftigten an den Niederlassungen insgesamt in %,14201,a_betr_kleinst,,2006-2023
Kleinbetriebe,Anteil der Niederlassungen mit 10 bis unter 50 SV-Beschäftigten an den Niederlassungen insgesamt in %,14202,a_betr_klein,,2006-2023
Mittlere Unternehmen,Anteil der Niederlassungen mit 50 bis unter 250 SV-Beschäftigten an den Niederlassungen insgesamt in %,14203,a_betr_mittel,,2006-2023
Großunternehmen,Anteil der Niederlassungen mit mehr als 250 SV-Beschäftigten an den Niederlassungen insgesamt in %,14204,a_betr_groß,,2006-2023
Bruttoinlandsprodukt je Einwohner,Bruttoinlandsprodukt in 1.000 € je Einwohner,14205,q_bip_ew,,1992-2022
Bruttoinlandsprodukt je Erwerbstätigen,Bruttoinlandsprodukt in 1.000 € je Erwerbstätigen,14206,q_bip_et,,1992-2022
Bruttowertschöpfung je Erwerbstätigen,Bruttowertschöpfung insgesamt in 1.000 € je Erwerbstätigen,14207,q_bws_et,,2000-2022
Bruttowertschöpfung je Erwerbstätigen Primärer Sektor,Bruttowertschöpfung im Primären Sektor in 1.000 € je Erwerbstätigen im Primären Sektor,14208,q_bws_1sektor,,2000-2022
Bruttowertschöpfung je Erwerbstätigen Sekundärer Sektor,Bruttowertschöpfung im Sekundären Sektor in 1.000 € je Erwerbstätigen im Sekundären Sektor,14209,q_bws_2sektor,,2000-2022
Bruttowertschöpfung je Erwerbstätigen Tertiärer Sektor,Bruttowertschöpfung im Tertiären Sektor in 1.000 € je Erwerbstätigen im Tertiären Sektor,14210,q_bws_3sektor,,2000-2022
Anteil Bruttowertschöpfung Primärer Sektor,Anteil Bruttowertschöpfung im Primären Sektor an der Bruttowertschöpfung in %,14211,a_bws_1sektor,,2000-2022
Anteil Bruttowertschöpfung Sekundärer Sektor,Anteil Bruttowertschöpfung im Sekundären Sektor an der Bruttowertschöpfung in %,14212,a_bws_2sektor,,2000-2022
Anteil Bruttowertschöpfung Tertiärer Sektor,Anteil Bruttowertschöpfung im Tertiären Sektor an der Bruttowertschöpfung in %,14213,a_bws_3sektor,,2000-2022
Umsatz im Handwerk,Umsatz im Handwerk in 1.000 Euro je tätiger Person,14220,q_handw_umsatz,,2010-2022
